Category: All categories,
,
Week,muscle ache: (Singapore)
5/1/2014,29
12/1/2014,34
19/1/2014,0
26/1/2014,0
2/2/2014,0
9/2/2014,0
16/2/2014,0
23/2/2014,27
2/3/2014,51
9/3/2014,0
16/3/2014,0
23/3/2014,33
30/3/2014,80
6/4/2014,68
13/4/2014,0
20/4/2014,48
27/4/2014,56
4/5/2014,22
11/5/2014,75
18/5/2014,0
25/5/2014,33
1/6/2014,35
8/6/2014,0
15/6/2014,25
22/6/2014,27
29/6/2014,20
6/7/2014,42
13/7/2014,0
20/7/2014,34
27/7/2014,0
3/8/2014,0
10/8/2014,38
17/8/2014,0
24/8/2014,26
31/8/2014,100
7/9/2014,0
14/9/2014,0
21/9/2014,66
28/9/2014,0
5/10/2014,0
12/10/2014,70
19/10/2014,33
26/10/2014,40
2/11/2014,0
9/11/2014,0
16/11/2014,31
23/11/2014,0
30/11/2014,0
7/12/2014,34
14/12/2014,27
21/12/2014,50
28/12/2014,0
4/1/2015,60
11/1/2015,29
18/1/2015,0
25/1/2015,35
1/2/2015,19
8/2/2015,81
15/2/2015,29
22/2/2015,0
1/3/2015,0
8/3/2015,0
15/3/2015,34
22/3/2015,33
29/3/2015,63
5/4/2015,21
12/4/2015,52
19/4/2015,23
26/4/2015,50
3/5/2015,38
10/5/2015,36
17/5/2015,0
24/5/2015,20
31/5/2015,42
7/6/2015,0
14/6/2015,21
21/6/2015,25
28/6/2015,25
5/7/2015,0
12/7/2015,31
19/7/2015,36
26/7/2015,36
2/8/2015,16
9/8/2015,30
16/8/2015,17
23/8/2015,37
30/8/2015,93
6/9/2015,0
13/9/2015,0
20/9/2015,22
27/9/2015,76
4/10/2015,31
11/10/2015,33
18/10/2015,37
25/10/2015,15
1/11/2015,27
8/11/2015,30
15/11/2015,24
22/11/2015,39
29/11/2015,32
6/12/2015,30
13/12/2015,48
20/12/2015,33
27/12/2015,23
3/1/2016,40
10/1/2016,0
17/1/2016,31
24/1/2016,24
31/1/2016,58
7/2/2016,42
14/2/2016,0
21/2/2016,27
28/2/2016,17
6/3/2016,29
13/3/2016,21
20/3/2016,55
27/3/2016,31
3/4/2016,25
10/4/2016,16
17/4/2016,60
24/4/2016,17
1/5/2016,41
8/5/2016,35
15/5/2016,22
22/5/2016,20
29/5/2016,45
5/6/2016,70
12/6/2016,0
19/6/2016,16
26/6/2016,0
3/7/2016,0
10/7/2016,0
17/7/2016,19
24/7/2016,22
31/7/2016,52
7/8/2016,0
14/8/2016,0
21/8/2016,24
28/8/2016,21
4/9/2016,50
11/9/2016,0
18/9/2016,0
25/9/2016,0
2/10/2016,27
9/10/2016,0
16/10/2016,0
23/10/2016,28
30/10/2016,0
6/11/2016,25
13/11/2016,16
20/11/2016,22
27/11/2016,15
4/12/2016,0
11/12/2016,0
18/12/2016,0
25/12/2016,0
1/1/2017,39
8/1/2017,27
15/1/2017,29
22/1/2017,29
29/1/2017,0
5/2/2017,28
12/2/2017,21
19/2/2017,36
26/2/2017,26
5/3/2017,28
12/3/2017,32
19/3/2017,18
26/3/2017,28
2/4/2017,18
9/4/2017,19
16/4/2017,18
23/4/2017,19
30/4/2017,54
7/5/2017,67
14/5/2017,35
21/5/2017,0
28/5/2017,49
4/6/2017,31
11/6/2017,17
18/6/2017,39
25/6/2017,25
2/7/2017,39
9/7/2017,34
16/7/2017,16
23/7/2017,0
30/7/2017,19
6/8/2017,44
13/8/2017,21
20/8/2017,40
27/8/2017,17
3/9/2017,52
10/9/2017,26
17/9/2017,58
24/9/2017,20
1/10/2017,23
8/10/2017,23
15/10/2017,42
22/10/2017,29
29/10/2017,0
5/11/2017,26
12/11/2017,15
19/11/2017,34
26/11/2017,43
3/12/2017,58
10/12/2017,0
17/12/2017,0
24/12/2017,44
31/12/2017,16
7/1/2018,44
14/1/2018,33
21/1/2018,42
28/1/2018,18
4/2/2018,25
11/2/2018,31
18/2/2018,20
25/2/2018,0
4/3/2018,23
11/3/2018,47
18/3/2018,16
25/3/2018,40
1/4/2018,15
8/4/2018,15
15/4/2018,52
22/4/2018,0
29/4/2018,24
6/5/2018,36
13/5/2018,26
20/5/2018,23
27/5/2018,0
3/6/2018,32
10/6/2018,22
17/6/2018,17
24/6/2018,0
1/7/2018,0
8/7/2018,38
15/7/2018,30
22/7/2018,0
29/7/2018,0
5/8/2018,17
12/8/2018,26
19/8/2018,0
26/8/2018,36
2/9/2018,29
9/9/2018,41
16/9/2018,15
23/9/2018,0
30/9/2018,28
7/10/2018,44
14/10/2018,14
21/10/2018,16
28/10/2018,15
4/11/2018,71
11/11/2018,37
18/11/2018,14
25/11/2018,0
2/12/2018,27
9/12/2018,21
16/12/2018,17
23/12/2018,37
