,year_month,year,month_num,month,no_of_rainy_days,maximum_rainfall_in_a_day,total_rainfall,mean_rh,rh_extremes_minimum,mean_sunshine_hrs,mean_temp,max_temperature,temp_extremes_min,temp_mean_daily_max,temp_mean_daily_min
0,1982-01,1982,1,Jan,10,36.5,107.1,81.2,49,5.6,25.9,31.9,21.9,29.8,23.3
1,1982-02,1982,2,Feb,5,9.4,27.8,79.5,49,7.6,27.1,34.3,22.6,32.3,23.9
2,1982-03,1982,3,Mar,11,61.7,160.8,82.3,51,5.1,27.2,34.3,22.3,31.7,24.3
3,1982-04,1982,4,Apr,14,45.1,157.0,85.9,54,4.7,27.0,33.2,22.2,31.4,24.3
4,1982-05,1982,5,May,10,33.0,102.2,83.2,57,5.8,28.0,32.9,23.7,31.7,25.2
5,1982-06,1982,6,Jun,8,20.6,59.5,80.3,53,7.3,28.4,33.3,23.1,31.9,26.0
6,1982-07,1982,7,Jul,8,17.2,76.3,77.6,38,7.6,28.2,33.0,22.1,31.6,25.5
7,1982-08,1982,8,Aug,11,57.7,169.5,80.4,52,5.4,27.7,33.2,21.9,31.1,25.0
8,1982-09,1982,9,Sep,9,18.0,54.1,80.6,49,5.2,27.9,33.2,23.5,31.4,25.3
9,1982-10,1982,10,Oct,10,10.0,39.3,81.5,49,5.6,27.4,33.8,22.6,32.1,24.3
10,1982-11,1982,11,Nov,13,39.6,134.0,83.4,47,5.8,27.3,34.3,23.1,32.4,24.5
11,1982-12,1982,12,Dec,21,109.0,494.1,87.7,56,3.3,26.2,33.0,22.8,29.9,23.9
12,1983-01,1983,1,Jan,18,43.2,246.0,85.6,53,4.3,26.5,32.1,23.0,30.3,24.0
13,1983-02,1983,2,Feb,2,5.1,5.6,78.0,41,9.3,28.1,34.6,23.1,33.1,24.8
14,1983-03,1983,3,Mar,2,18.3,18.6,76.0,40,8.9,28.9,35.8,24.3,34.4,25.4
15,1983-04,1983,4,Apr,4,21.3,33.6,77.2,39,6.6,29.4,35.8,23.5,34.3,26.3
16,1983-05,1983,5,May,11,32.3,160.8,83.2,58,5.9,28.3,34.0,23.5,32.5,25.2
17,1983-06,1983,6,Jun,11,27.7,94.0,82.4,51,5.9,28.3,33.6,21.3,31.9,25.3
18,1983-07,1983,7,Jul,18,55.5,190.0,83.7,54,5.4,27.6,33.0,21.4,31.0,24.9
19,1983-08,1983,8,Aug,10,181.8,262.2,81.2,44,6.3,28.1,32.7,22.1,31.5,25.6
20,1983-09,1983,9,Sep,18,50.3,170.8,84.4,55,3.8,27.2,32.8,22.4,31.1,24.6
21,1983-10,1983,10,Oct,17,40.0,212.7,82.5,47,5.2,27.6,33.7,22.4,31.5,24.7
22,1983-11,1983,11,Nov,18,54.8,228.8,85.2,49,3.2,26.6,32.6,21.3,30.5,24.0
23,1983-12,1983,12,Dec,16,164.4,370.6,88.0,57,2.7,25.4,31.3,21.9,28.9,23.3
24,1984-01,1984,1,Jan,18,62.3,251.2,85.8,55,4.1,25.5,31.7,21.2,29.5,22.9
25,1984-02,1984,2,Feb,19,154.4,470.4,86.0,58,4.1,25.8,31.5,21.1,30.0,23.4
26,1984-03,1984,3,Mar,19,119.4,361.3,85.4,56,5.3,26.5,32.8,22.1,30.8,23.8
27,1984-04,1984,4,Apr,17,38.7,153.1,83.8,55,6.2,27.3,32.7,22.7,31.3,24.5
28,1984-05,1984,5,May,12,46.0,186.5,84.1,54,6.4,27.3,32.9,21.9,31.3,24.5
29,1984-06,1984,6,Jun,14,121.1,255.0,83.1,52,5.4,27.5,32.7,21.4,31.1,24.7
30,1984-07,1984,7,Jul,12,49.2,127.2,83.7,55,5.7,27.2,33.0,22.5,30.7,24.7
31,1984-08,1984,8,Aug,13,22.5,102.7,84.1,60,6.0,27.4,32.8,22.4,31.2,24.3
32,1984-09,1984,9,Sep,17,46.5,186.7,83.9,49,4.9,26.8,32.4,21.0,30.9,23.7
33,1984-10,1984,10,Oct,11,47.2,187.5,82.5,53,5.3,27.4,33.4,21.2,31.6,24.3
34,1984-11,1984,11,Nov,17,35.4,127.7,86.3,58,4.3,26.5,32.7,22.8,31.0,24.0
35,1984-12,1984,12,Dec,22,58.4,277.4,86.7,58,3.3,26.0,32.2,22.0,30.0,23.6
36,1985-01,1985,1,Jan,7,35.5,111.1,81.5,49,8.7,26.6,33.0,22.2,31.2,23.6
37,1985-02,1985,2,Feb,11,18.7,79.3,84.0,51,6.5,27.0,33.7,22.2,32.1,24.1
38,1985-03,1985,3,Mar,13,23.8,88.0,83.9,56,5.6,27.1,33.3,23.1,31.8,24.2
39,1985-04,1985,4,Apr,14,29.3,110.5,83.8,55,5.5,27.5,34.2,22.4,32.2,24.4
40,1985-05,1985,5,May,12,36.2,70.1,83.4,55,5.7,28.0,33.6,23.5,31.8,25.2
41,1985-06,1985,6,Jun,14,9.9,37.0,79.4,43,5.8,28.2,35.0,23.4,32.1,25.1
42,1985-07,1985,7,Jul,17,32.2,131.8,83.1,50,5.3,27.0,33.3,21.0,30.8,23.9
43,1985-08,1985,8,Aug,11,21.4,56.9,80.4,53,6.2,27.7,33.0,21.3,31.5,25.1
44,1985-09,1985,9,Sep,18,22.0,110.7,83.1,48,5.0,26.9,32.5,22.1,30.9,24.0
45,1985-10,1985,10,Oct,21,30.2,169.0,84.7,43,4.1,26.7,33.4,21.7,30.6,23.9
46,1985-11,1985,11,Nov,21,38.2,179.4,85.0,54,4.1,26.6,33.0,22.5,31.1,23.8
47,1985-12,1985,12,Dec,22,86.8,340.1,86.2,56,4.6,26.1,32.4,22.9,30.2,23.7
48,1986-01,1986,1,Jan,13,95.6,308.2,83.9,55,3.9,25.7,31.4,21.5,29.3,23.4
49,1986-02,1986,2,Feb,2,23.0,26.7,78.4,48,7.2,26.9,33.2,22.5,31.9,23.9
50,1986-03,1986,3,Mar,17,71.1,353.4,86.6,55,4.6,26.4,32.7,22.6,30.5,24.1
51,1986-04,1986,4,Apr,14,56.4,150.0,85.3,54,6.2,27.4,32.8,22.4,31.7,24.7
52,1986-05,1986,5,May,13,51.3,145.1,81.8,48,6.1,28.2,33.4,22.0,31.8,25.4
53,1986-06,1986,6,Jun,13,34.5,122.9,82.5,50,6.8,27.9,33.2,22.2,31.6,25.3
54,1986-07,1986,7,Jul,12,23.5,109.7,79.9,48,6.2,27.9,33.2,21.9,31.5,25.0
55,1986-08,1986,8,Aug,11,28.4,72.9,77.3,40,5.6,28.3,34.2,21.9,31.9,25.2
56,1986-09,1986,9,Sep,22,97.6,396.0,84.4,54,4.8,26.7,32.4,21.2,30.6,23.6
57,1986-10,1986,10,Oct,20,65.6,227.3,85.0,57,5.0,26.9,32.6,22.5,30.9,24.3
58,1986-11,1986,11,Nov,21,40.5,256.7,84.1,53,4.5,26.6,32.8,22.8,30.9,24.1
59,1986-12,1986,12,Dec,16,131.7,367.2,85.2,55,5.4,26.3,32.0,22.5,30.3,23.9
60,1987-01,1987,1,Jan,16,127.4,568.6,86.0,56,4.0,25.5,31.4,22.1,28.8,23.4
61,1987-02,1987,2,Feb,7,34.8,86.9,79.0,47,9.2,26.6,33.0,22.8,31.6,23.7
62,1987-03,1987,3,Mar,12,40.9,132.5,83.2,50,6.9,27.5,33.3,23.0,32.1,24.8
63,1987-04,1987,4,Apr,10,27.7,72.5,82.8,51,6.2,27.9,34.6,22.5,32.6,25.1
64,1987-05,1987,5,May,16,81.4,270.0,84.6,59,5.6,27.6,33.2,22.4,31.7,25.0
65,1987-06,1987,6,Jun,15,30.7,126.6,80.7,47,6.8,28.7,33.5,22.0,32.4,26.0
66,1987-07,1987,7,Jul,11,21.6,80.9,81.3,55,6.7,28.1,33.7,22.5,31.6,25.4
67,1987-08,1987,8,Aug,16,48.2,191.9,83.6,57,5.1,27.4,33.8,22.5,31.1,25.0
68,1987-09,1987,9,Sep,11,44.5,129.9,82.5,51,5.4,27.6,33.6,21.2,31.7,24.6
69,1987-10,1987,10,Oct,9,5.9,22.6,82.1,49,5.8,27.9,33.7,23.5,32.5,25.2
70,1987-11,1987,11,Nov,17,77.7,347.6,84.0,54,4.5,27.3,33.3,22.9,31.7,24.3
71,1987-12,1987,12,Dec,11,24.3,72.8,84.6,57,4.8,26.4,32.8,22.7,30.4,24.2
72,1988-01,1988,1,Jan,15,69.0,237.5,84.3,57,5.9,26.8,33.1,23.2,30.8,24.5
73,1988-02,1988,2,Feb,9,46.7,158.1,83.2,55,6.7,27.1,33.8,23.6,32.0,24.6
74,1988-03,1988,3,Mar,15,70.1,186.8,85.3,45,5.2,27.3,34.7,22.5,31.3,24.8
75,1988-04,1988,4,Apr,13,22.8,109.6,84.5,54,5.4,27.8,33.7,24.2,32.4,25.2
76,1988-05,1988,5,May,14,76.7,229.6,82.7,53,5.6,28.4,34.2,23.3,32.0,25.8
77,1988-06,1988,6,Jun,13,69.4,252.2,81.6,45,6.5,28.0,33.6,22.2,31.8,24.9
78,1988-07,1988,7,Jul,15,75.6,305.4,84.0,57,6.0,27.3,33.8,21.0,31.2,24.6
79,1988-08,1988,8,Aug,14,19.0,80.1,84.9,54,4.9,27.0,32.7,22.6,30.8,24.5
80,1988-09,1988,9,Sep,14,187.3,440.4,84.5,51,4.8,27.1,33.3,21.7,31.0,24.5
81,1988-10,1988,10,Oct,17,39.8,134.6,83.2,46,4.1,27.5,34.5,22.4,31.5,24.5
82,1988-11,1988,11,Nov,23,111.9,401.4,86.8,58,3.7,26.3,32.8,22.1,30.3,23.7
83,1988-12,1988,12,Dec,11,22.0,62.9,81.1,58,5.7,26.2,31.6,23.0,30.4,23.9
84,1989-01,1989,1,Jan,10,53.0,189.7,84.1,55,5.8,26.5,32.8,22.6,30.9,23.9
85,1989-02,1989,2,Feb,3,48.4,52.4,78.3,51,6.7,26.6,33.3,22.3,31.8,23.7
86,1989-03,1989,3,Mar,21,63.5,305.9,87.6,60,4.5,26.3,32.5,22.6,31.0,23.9
87,1989-04,1989,4,Apr,17,39.0,198.6,86.4,53,5.7,27.0,34.5,21.9,31.8,24.0
88,1989-05,1989,5,May,12,38.2,194.0,86.6,55,5.2,27.3,33.3,21.2,31.5,24.5
89,1989-06,1989,6,Jun,12,45.9,117.6,83.3,53,6.0,27.5,33.2,22.3,31.7,24.4
90,1989-07,1989,7,Jul,12,33.3,157.6,82.6,53,6.0,27.7,32.7,22.2,31.6,24.9
91,1989-08,1989,8,Aug,18,81.4,201.0,83.7,48,5.3,27.1,33.3,21.5,31.0,23.9
92,1989-09,1989,9,Sep,14,102.2,247.3,84.4,50,5.5,26.9,32.7,21.3,30.8,24.1
93,1989-10,1989,10,Oct,16,24.9,111.0,83.7,51,5.5,27.1,32.9,21.1,31.3,24.2
94,1989-11,1989,11,Nov,20,148.6,508.4,86.0,56,5.4,26.7,32.8,22.6,31.0,24.0
95,1989-12,1989,12,Dec,18,44.2,179.7,85.5,58,4.8,26.3,32.0,22.5,30.2,23.9
96,1990-01,1990,1,Jan,13,73.9,147.4,83.8,52,5.3,26.2,32.1,22.4,30.3,23.7
97,1990-02,1990,2,Feb,8,6.6,24.1,80.9,38,8.9,27.6,34.0,24.0,32.4,24.9
98,1990-03,1990,3,Mar,4,48.6,94.2,77.6,39,8.3,28.2,34.7,21.4,33.3,25.0
99,1990-04,1990,4,Apr,10,12.0,52.4,81.2,44,6.3,28.5,35.0,23.1,33.4,25.3
100,1990-05,1990,5,May,11,153.7,180.1,81.1,45,6.5,28.6,34.6,23.0,32.8,25.6
101,1990-06,1990,6,Jun,9,76.1,112.6,80.7,46,6.3,28.3,33.8,21.9,32.4,25.4
102,1990-07,1990,7,Jul,12,44.5,124.0,82.7,53,5.9,27.5,33.5,22.6,31.4,24.6
103,1990-08,1990,8,Aug,13,38.3,146.6,82.3,46,5.8,28.0,33.9,21.1,31.4,25.1
104,1990-09,1990,9,Sep,17,44.5,204.5,83.2,39,5.1,27.2,33.3,21.2,31.3,24.2
105,1990-10,1990,10,Oct,12,20.2,56.4,83.5,50,5.9,27.5,33.3,23.7,31.8,24.9
106,1990-11,1990,11,Nov,17,46.9,180.4,83.5,49,4.6,27.2,34.0,22.4,31.3,24.7
107,1990-12,1990,12,Dec,16,33.5,201.1,86.0,58,5.5,26.3,31.8,22.9,30.2,24.1
108,1991-01,1991,1,Jan,13,36.2,123.9,84.1,50,5.6,26.7,33.1,22.7,30.9,24.2
109,1991-02,1991,2,Feb,7,17.9,45.5,81.6,51,7.0,27.1,33.5,22.7,31.8,24.1
110,1991-03,1991,3,Mar,10,48.6,92.4,79.9,50,7.1,27.8,34.0,22.5,32.4,24.7
111,1991-04,1991,4,Apr,13,32.2,134.2,84.3,49,5.8,27.7,34.1,22.8,32.3,24.7
112,1991-05,1991,5,May,23,44.0,256.4,86.6,57,5.1,27.7,33.2,22.6,31.5,25.0
113,1991-06,1991,6,Jun,9,55.6,88.7,81.0,56,7.1,28.6,33.6,23.5,32.2,25.8
114,1991-07,1991,7,Jul,8,10.7,37.3,78.7,44,6.7,28.5,34.0,23.1,32.1,25.7
115,1991-08,1991,8,Aug,8,129.9,226.2,79.8,43,5.3,28.2,33.6,22.4,32.2,25.3
116,1991-09,1991,9,Sep,12,53.6,123.1,83.0,58,4.1,27.5,32.5,23.0,31.3,24.7
117,1991-10,1991,10,Oct,5,20.4,52.0,81.4,40,4.2,27.5,33.4,22.9,31.8,24.7
118,1991-11,1991,11,Nov,19,75.2,205.0,86.5,53,3.5,26.3,32.6,22.0,30.6,23.6
119,1991-12,1991,12,Dec,19,79.4,492.3,90.7,61,3.0,25.6,31.5,22.2,29.1,23.4
120,1992-01,1992,1,Jan,9,56.2,83.9,82.4,55,6.6,26.6,31.8,22.1,30.7,23.8
121,1992-02,1992,2,Feb,4,43.2,62.4,80.5,49,7.7,27.5,33.1,22.3,32.1,24.3
122,1992-03,1992,3,Mar,6,35.1,67.6,80.6,54,7.4,28.2,34.7,22.9,33.0,25.0
123,1992-04,1992,4,Apr,13,94.7,160.3,82.4,44,6.4,28.4,34.6,22.5,32.9,25.1
124,1992-05,1992,5,May,13,13.7,63.1,83.3,53,5.7,28.1,34.1,23.5,32.5,25.1
125,1992-06,1992,6,Jun,14,38.4,162.8,82.7,52,5.5,28.0,33.6,21.1,32.0,24.9
126,1992-07,1992,7,Jul,19,97.3,290.8,83.8,55,4.7,27.3,33.5,22.1,30.9,24.2
127,1992-08,1992,8,Aug,11,31.0,76.1,81.1,46,5.7,27.8,33.6,21.7,31.4,24.3
128,1992-09,1992,9,Sep,13,17.5,83.6,82.9,45,5.0,27.3,34.0,22.9,31.5,24.5
129,1992-10,1992,10,Oct,20,45.5,233.2,82.0,48,4.5,27.4,32.9,22.9,31.4,24.3
130,1992-11,1992,11,Nov,18,120.6,474.3,87.7,59,3.7,26.1,32.0,22.5,30.0,23.7
131,1992-12,1992,12,Dec,23,105.7,502.7,90.3,60,3.4,25.5,31.4,22.2,29.2,23.4
132,1993-01,1993,1,Jan,11,37.2,176.4,85.7,58,5.5,26.2,31.6,21.9,29.9,23.8
133,1993-02,1993,2,Feb,8,27.0,69.2,80.5,50,8.5,26.7,32.7,22.7,31.4,23.8
134,1993-03,1993,3,Mar,14,56.9,250.5,86.3,56,5.4,26.7,32.2,22.3,30.7,24.0
135,1993-04,1993,4,Apr,20,56.7,283.9,84.5,51,6.4,27.6,33.5,21.7,31.9,24.4
136,1993-05,1993,5,May,10,37.2,129.9,82.9,46,6.0,28.2,34.2,22.5,31.9,25.4
137,1993-06,1993,6,Jun,17,29.4,115.5,80.9,50,6.2,28.5,33.3,22.7,31.9,25.4
138,1993-07,1993,7,Jul,15,46.4,240.0,83.2,52,5.2,27.9,32.8,22.5,31.1,25.2
139,1993-08,1993,8,Aug,11,53.5,106.8,79.4,51,7.4,28.6,33.9,22.0,32.1,25.4
140,1993-09,1993,9,Sep,7,42.0,61.7,81.4,45,5.9,27.9,33.2,22.7,31.7,24.9
141,1993-10,1993,10,Oct,13,62.7,175.5,84.3,51,5.2,27.5,33.2,22.5,31.6,24.7
142,1993-11,1993,11,Nov,18,61.3,250.8,87.4,57,4.7,26.9,32.5,22.7,30.9,24.2
143,1993-12,1993,12,Dec,19,67.6,308.5,87.4,57,4.2,26.5,32.9,22.4,30.3,24.0
144,1994-01,1994,1,Jan,7,17.5,56.9,82.1,50,6.1,26.9,32.4,23.1,30.9,24.1
145,1994-02,1994,2,Feb,15,26.3,133.5,84.5,53,6.4,27.0,32.5,22.6,31.6,24.0
146,1994-03,1994,3,Mar,19,64.2,288.2,87.1,55,3.5,26.8,32.2,22.9,30.5,24.2
147,1994-04,1994,4,Apr,15,46.3,154.0,84.8,54,5.8,27.9,33.6,23.2,31.9,24.8
148,1994-05,1994,5,May,16,45.1,169.6,84.8,52,5.0,28.1,32.6,22.6,31.1,25.1
149,1994-06,1994,6,Jun,14,61.1,184.7,83.5,55,6.0,28.1,33.1,22.2,31.3,25.2
150,1994-07,1994,7,Jul,6,17.0,53.8,78.9,53,7.6,28.4,32.7,20.5,31.6,25.7
151,1994-08,1994,8,Aug,12,15.5,45.1,80.0,52,6.5,28.1,32.9,22.5,31.9,25.2
152,1994-09,1994,9,Sep,6,11.3,23.7,78.7,37,3.8,28.3,34.1,22.0,31.9,25.5
153,1994-10,1994,10,Oct,11,35.4,84.7,81.5,43,4.5,27.9,34.2,22.7,32.1,24.6
154,1994-11,1994,11,Nov,21,178.3,322.2,88.4,58,4.5,26.7,32.5,22.4,30.5,24.0
155,1994-12,1994,12,Dec,18,133.8,425.4,85.5,58,5.3,26.9,32.6,22.0,30.7,24.1
156,1995-01,1995,1,Jan,21,108.3,349.4,86.2,59,5.0,26.8,32.8,21.8,30.6,24.1
157,1995-02,1995,2,Feb,16,159.3,334.0,87.5,60,4.9,26.5,32.4,22.6,29.9,23.9
158,1995-03,1995,3,Mar,10,31.1,67.7,83.9,54,5.9,27.6,33.2,23.1,31.8,24.6
159,1995-04,1995,4,Apr,16,73.6,242.3,85.3,53,5.6,27.9,33.5,23.5,32.0,25.0
160,1995-05,1995,5,May,11,32.8,84.4,83.7,54,6.0,28.5,34.0,23.2,32.3,25.6
161,1995-06,1995,6,Jun,12,45.0,63.7,81.9,51,6.6,28.9,34.0,24.3,32.7,25.8
162,1995-07,1995,7,Jul,13,52.3,173.6,82.6,58,5.2,28.0,33.0,22.8,31.2,25.2
163,1995-08,1995,8,Aug,21,37.9,211.6,85.6,58,4.1,27.4,32.4,22.8,30.6,24.6
164,1995-09,1995,9,Sep,7,5.7,29.5,81.6,51,5.8,28.3,33.0,22.6,32.0,25.1
165,1995-10,1995,10,Oct,12,37.1,101.1,82.8,45,4.7,27.8,34.1,22.9,32.1,24.8
166,1995-11,1995,11,Nov,20,198.6,372.8,86.8,51,3.7,27.0,33.3,22.5,31.0,24.1
167,1995-12,1995,12,Dec,20,55.6,302.5,86.6,58,3.1,26.3,32.5,22.5,29.5,23.9
168,1996-01,1996,1,Jan,10,39.0,173.2,84.2,54,5.2,26.2,32.5,22.1,30.1,23.4
169,1996-02,1996,2,Feb,11,53.0,180.2,84.6,52,5.8,26.5,32.0,22.3,30.2,24.0
170,1996-03,1996,3,Mar,8,61.8,129.7,81.0,50,7.7,27.8,34.4,22.2,32.4,24.5
171,1996-04,1996,4,Apr,15,55.7,178.2,85.5,56,5.4,27.8,33.6,23.2,31.7,24.9
172,1996-05,1996,5,May,15,18.6,107.5,83.7,55,7.0,28.5,33.3,22.9,32.4,25.2
173,1996-06,1996,6,Jun,15,94.3,265.8,84.3,56,5.9,28.3,33.9,22.1,32.0,25.3
174,1996-07,1996,7,Jul,10,55.3,162.3,81.9,52,6.7,28.3,33.3,22.1,31.5,25.4
175,1996-08,1996,8,Aug,18,64.6,258.4,83.4,50,5.0,27.4,33.1,22.3,31.4,24.3
176,1996-09,1996,9,Sep,18,66.5,297.0,82.2,52,4.8,27.7,33.2,22.3,31.1,24.6
177,1996-10,1996,10,Oct,19,45.8,300.0,83.0,52,4.3,27.5,33.1,22.9,31.2,24.4
178,1996-11,1996,11,Nov,16,60.5,180.2,83.5,43,4.4,27.3,33.6,22.4,31.5,24.6
179,1996-12,1996,12,Dec,15,72.4,185.5,82.9,55,4.5,26.6,33.0,22.6,30.7,23.9
180,1997-01,1997,1,Jan,3,13.9,15.4,77.3,48,7.7,27.1,33.3,23.1,31.5,24.0
181,1997-02,1997,2,Feb,8,35.7,105.4,80.8,52,4.9,27.4,33.7,22.3,31.9,24.5
182,1997-03,1997,3,Mar,10,17.4,34.3,79.6,44,7.0,28.1,34.2,23.7,32.8,24.9
183,1997-04,1997,4,Apr,12,44.6,118.4,82.7,46,5.6,28.1,34.4,22.3,32.5,25.0
184,1997-05,1997,5,May,6,35.6,41.6,77.7,49,6.7,29.3,35.1,24.7,33.6,26.3
185,1997-06,1997,6,Jun,12,25.0,78.9,76.7,49,7.3,29.3,34.7,23.6,33.2,26.0
186,1997-07,1997,7,Jul,9,5.4,18.6,76.5,47,6.5,28.8,34.0,23.6,32.4,26.0
187,1997-08,1997,8,Aug,9,61.4,86.6,78.2,52,5.7,28.8,34.0,22.0,32.6,25.9
188,1997-09,1997,9,Sep,3,24.3,31.1,77.0,43,3.2,28.8,33.8,24.1,32.2,26.3
189,1997-10,1997,10,Oct,8,36.5,78.4,81.0,49,3.2,28.2,34.5,22.8,32.4,25.1
190,1997-11,1997,11,Nov,13,53.6,158.3,82.8,50,5.4,27.8,33.7,23.5,32.0,24.8
191,1997-12,1997,12,Dec,23,65.8,351.9,85.3,50,5.3,27.3,32.9,23.0,31.3,24.6
192,1998-01,1998,1,Jan,13,79.7,268.8,83.2,53,7.4,28.0,33.6,23.5,31.8,25.3
193,1998-02,1998,2,Feb,5,11.9,32.5,78.3,50,8.9,28.9,34.6,24.3,33.1,25.9
194,1998-03,1998,3,Mar,7,20.9,58.8,77.8,47,7.6,29.5,36.0,24.4,34.1,26.3
195,1998-04,1998,4,Apr,13,64.9,187.7,81.8,53,6.7,29.2,34.8,24.2,33.1,26.3
196,1998-05,1998,5,May,18,83.7,370.8,82.3,53,5.9,29.4,34.8,24.5,33.1,26.3
197,1998-06,1998,6,Jun,15,42.8,198.8,82.1,50,5.3,28.6,34.7,22.9,32.4,25.4
198,1998-07,1998,7,Jul,18,55.8,259.2,81.8,51,5.1,28.1,33.6,22.7,31.5,24.9
199,1998-08,1998,8,Aug,18,35.5,195.0,85.4,56,4.6,27.5,32.8,23.2,30.9,24.7
200,1998-09,1998,9,Sep,17,52.0,258.2,84.1,47,4.5,27.9,33.1,22.7,31.1,24.9
201,1998-10,1998,10,Oct,20,32.4,222.7,82.3,48,5.0,28.0,34.5,22.5,31.9,24.6
202,1998-11,1998,11,Nov,11,57.5,107.2,81.9,49,4.6,27.9,34.1,23.4,31.7,24.9
203,1998-12,1998,12,Dec,22,84.4,463.4,88.5,55,3.1,26.6,32.6,22.8,30.4,24.2
204,1999-01,1999,1,Jan,19,52.5,193.9,88.3,60,3.9,26.6,32.8,22.6,30.4,24.3
205,1999-02,1999,2,Feb,9,32.1,67.4,82.4,58,6.7,27.2,33.0,22.0,31.3,24.5
206,1999-03,1999,3,Mar,16,52.4,181.4,87.5,56,4.3,27.1,33.0,22.0,31.5,24.4
207,1999-04,1999,4,Apr,14,29.2,88.5,82.6,46,5.8,28.3,34.4,23.0,32.5,25.4
208,1999-05,1999,5,May,13,42.8,157.1,84.4,52,5.7,28.0,34.2,23.7,31.7,25.3
209,1999-06,1999,6,Jun,13,34.5,103.4,81.9,54,6.0,28.2,33.7,21.8,31.8,25.3
210,1999-07,1999,7,Jul,11,51.4,225.4,82.7,56,6.8,27.8,32.9,21.6,31.2,24.7
211,1999-08,1999,8,Aug,13,42.4,204.0,84.1,51,5.7,27.5,32.9,21.9,31.0,24.5
212,1999-09,1999,9,Sep,13,41.5,125.9,81.7,50,6.5,27.9,33.9,22.1,31.9,24.9
213,1999-10,1999,10,Oct,20,32.8,205.0,84.6,53,4.7,27.2,32.5,22.4,31.1,24.3
214,1999-11,1999,11,Nov,19,39.0,241.5,84.4,47,4.7,27.3,33.4,22.9,31.3,24.5
215,1999-12,1999,12,Dec,17,76.9,340.5,85.3,56,4.1,26.8,33.0,22.4,30.6,24.1
216,2000-01,2000,1,Jan,14,127.6,275.2,86.9,60,4.0,26.3,31.8,22.8,29.8,23.9
217,2000-02,2000,2,Feb,18,39.9,237.8,86.5,58,5.8,26.6,32.4,21.7,31.0,23.8
218,2000-03,2000,3,Mar,15,37.9,238.3,85.8,44,5.8,27.2,34.0,20.2,31.9,24.3
219,2000-04,2000,4,Apr,20,87.4,311.6,85.6,54,5.3,27.5,33.4,22.6,31.9,24.6
220,2000-05,2000,5,May,10,36.7,96.8,82.4,49,6.8,28.6,34.2,22.6,32.7,25.7
221,2000-06,2000,6,Jun,16,41.7,157.5,84.3,53,4.6,27.6,33.3,22.5,31.1,24.7
222,2000-07,2000,7,Jul,12,34.6,116.1,82.6,56,6.5,28.1,33.1,22.1,31.6,25.3
223,2000-08,2000,8,Aug,18,28.1,113.5,83.8,46,5.1,27.5,33.3,22.2,30.7,24.8
224,2000-09,2000,9,Sep,12,25.7,81.1,82.2,48,6.2,28.0,34.3,23.5,32.1,25.2
225,2000-10,2000,10,Oct,14,38.3,120.9,82.1,51,4.0,27.8,34.1,22.9,31.8,24.9
226,2000-11,2000,11,Nov,21,72.0,385.7,87.1,47,3.7,27.3,34.2,22.9,31.3,24.7
227,2000-12,2000,12,Dec,18,45.8,236.0,87.6,60,4.2,27.0,32.6,23.0,31.0,24.4
228,2001-01,2001,1,Jan,21,125.4,425.8,87.4,49,4.4,26.5,32.8,22.7,30.3,24.0
229,2001-02,2001,2,Feb,11,28.2,86.6,83.6,58,4.8,27.0,32.4,23.0,30.9,24.5
230,2001-03,2001,3,Mar,20,41.1,297.3,84.5,50,5.4,27.5,33.7,22.7,31.8,24.2
231,2001-04,2001,4,Apr,18,68.9,203.3,86.0,50,5.3,27.7,33.5,23.2,31.8,25.1
232,2001-05,2001,5,May,12,56.1,164.9,85.0,57,6.0,28.5,33.5,22.4,32.2,25.7
233,2001-06,2001,6,Jun,11,49.6,137.1,82.5,49,4.9,28.2,33.6,21.5,31.4,25.4
234,2001-07,2001,7,Jul,9,44.8,111.3,80.8,50,8.1,28.4,33.7,23.0,32.2,25.5
235,2001-08,2001,8,Aug,14,36.6,158.3,83.7,50,4.9,28.0,33.7,22.8,31.1,25.2
236,2001-09,2001,9,Sep,13,74.3,162.0,82.3,54,6.2,28.0,33.1,22.8,31.6,25.2
237,2001-10,2001,10,Oct,20,77.2,252.2,83.7,47,4.4,27.6,34.0,22.6,31.4,24.7
238,2001-11,2001,11,Nov,15,102.6,175.3,84.9,54,3.7,27.2,33.2,23.2,30.8,24.7
239,2001-12,2001,12,Dec,20,211.1,609.0,86.8,55,4.5,26.7,33.2,22.2,30.7,24.1
240,2002-01,2002,1,Jan,11,83.8,221.2,83.6,49,6.9,27.0,33.5,23.4,30.9,24.5
241,2002-02,2002,2,Feb,2,41.7,50.8,80.9,53,7.4,27.3,32.5,22.1,31.3,24.5
242,2002-03,2002,3,Mar,8,26.4,55.6,80.8,40,7.6,28.2,34.8,23.5,33.0,25.1
243,2002-04,2002,4,Apr,13,39.4,116.5,82.3,50,6.6,28.6,34.3,23.0,33.0,25.6
244,2002-05,2002,5,May,13,75.9,236.6,82.3,52,6.2,28.9,34.1,23.2,32.6,26.1
245,2002-06,2002,6,Jun,12,45.8,83.1,82.1,56,6.3,28.7,33.3,23.7,32.1,26.0
246,2002-07,2002,7,Jul,11,69.5,233.7,82.7,56,6.8,28.4,33.0,22.9,31.9,25.5
247,2002-08,2002,8,Aug,14,17.8,54.2,79.2,50,6.7,28.5,33.6,22.4,31.9,25.6
248,2002-09,2002,9,Sep,9,38.9,124.2,81.7,49,5.5,28.1,33.2,22.0,31.7,25.1
249,2002-10,2002,10,Oct,7,3.2,10.8,79.8,42,6.2,28.7,34.6,24.1,33.0,25.7
250,2002-11,2002,11,Nov,15,84.0,307.2,85.8,56,4.6,27.4,34.0,23.1,31.7,24.5
251,2002-12,2002,12,Dec,24,38.6,255.0,88.7,56,4.8,27.2,33.0,23.0,31.3,24.7
252,2003-01,2003,1,Jan,20,194.4,444.2,86.9,56,4.7,26.7,32.4,23.2,30.1,24.4
253,2003-02,2003,2,Feb,13,82.2,172.9,85.0,55,5.8,27.1,32.6,22.8,30.8,24.4
254,2003-03,2003,3,Mar,11,38.3,154.6,83.8,54,6.9,28.1,33.5,22.8,32.3,25.2
255,2003-04,2003,4,Apr,20,42.9,159.9,86.7,48,5.1,27.9,33.7,23.4,32.1,25.3
256,2003-05,2003,5,May,11,33.0,81.8,81.7,45,5.8,29.2,34.3,23.4,32.7,26.5
257,2003-06,2003,6,Jun,12,23.2,50.3,78.5,36,7.0,28.9,34.3,22.4,32.7,26.0
258,2003-07,2003,7,Jul,14,30.9,170.4,81.7,54,5.6,28.1,32.8,22.0,31.5,25.1
259,2003-08,2003,8,Aug,13,64.4,193.6,83.1,48,6.1,28.2,33.1,23.0,31.8,25.5
260,2003-09,2003,9,Sep,15,60.0,205.3,84.8,46,5.0,27.6,32.9,22.4,31.2,24.8
261,2003-10,2003,10,Oct,21,56.6,351.4,84.9,54,5.1,27.6,33.0,22.6,31.1,24.5
262,2003-11,2003,11,Nov,19,41.3,133.8,87.3,56,4.2,27.1,33.0,23.0,31.0,24.7
263,2003-12,2003,12,Dec,17,92.1,273.0,87.2,60,3.9,26.5,32.2,22.3,29.9,24.3
264,2004-01,2004,1,Jan,13,177.8,600.9,86.7,57,6.7,26.9,32.0,22.0,30.6,24.2
265,2004-02,2004,2,Feb,4,19.2,31.9,80.5,51,7.7,27.6,34.0,22.6,32.0,24.7
266,2004-03,2004,3,Mar,16,122.8,269.4,85.8,56,4.8,27.7,33.7,22.2,32.2,24.7
267,2004-04,2004,4,Apr,9,18.1,57.1,82.3,46,7.0,28.9,35.1,24.4,33.3,26.1
268,2004-05,2004,5,May,13,73.4,137.6,82.1,51,6.0,28.9,34.3,23.6,32.8,26.4
269,2004-06,2004,6,Jun,8,68.1,127.2,79.8,49,6.3,29.0,33.7,22.5,32.4,26.1
270,2004-07,2004,7,Jul,20,34.3,166.6,85.3,56,4.2,27.3,32.9,21.1,30.8,24.5
271,2004-08,2004,8,Aug,8,111.5,185.2,80.3,47,7.3,28.3,33.5,22.1,31.7,25.4
272,2004-09,2004,9,Sep,14,29.1,128.9,83.6,50,5.9,27.8,33.1,23.4,31.7,25.0
273,2004-10,2004,10,Oct,13,25.3,125.6,83.9,43,5.0,27.8,34.2,23.2,31.6,25.0
274,2004-11,2004,11,Nov,15,62.4,166.2,86.1,56,5.8,27.3,32.5,22.8,31.4,24.6
275,2004-12,2004,12,Dec,14,36.4,139.8,85.2,58,4.9,26.8,32.7,23.0,30.1,24.5
276,2005-01,2005,1,Jan,8,96.7,163.2,83.3,49,6.5,26.6,32.4,22.5,30.2,23.9
277,2005-02,2005,2,Feb,3,7.2,8.4,77.7,45,9.1,28.5,34.7,23.5,33.4,25.3
278,2005-03,2005,3,Mar,12,20.5,82.4,80.3,47,7.2,28.5,35.0,23.0,33.3,25.4
279,2005-04,2005,4,Apr,10,49.6,81.7,81.0,42,7.0,28.7,35.1,23.0,33.0,25.7
280,2005-05,2005,5,May,20,58.7,331.1,84.6,47,5.5,28.5,35.4,22.6,32.4,25.2
281,2005-06,2005,6,Jun,15,27.6,82.3,82.7,50,5.4,28.8,33.9,23.6,32.0,26.1
282,2005-07,2005,7,Jul,15,26.3,104.0,84.0,53,5.4,28.0,33.9,21.3,31.4,25.2
283,2005-08,2005,8,Aug,13,13.8,58.5,82.9,54,6.5,28.2,33.6,22.5,31.5,25.5
284,2005-09,2005,9,Sep,18,43.4,175.7,84.2,53,6.2,28.2,33.1,21.8,32.0,25.2
285,2005-10,2005,10,Oct,19,76.2,314.5,85.2,57,5.1,27.6,33.0,23.0,31.3,24.7
286,2005-11,2005,11,Nov,23,133.8,362.9,86.4,56,4.4,27.3,33.6,22.6,30.8,24.4
287,2005-12,2005,12,Dec,19,47.3,166.0,85.6,55,4.5,27.3,33.5,22.0,31.0,24.6
288,2006-01,2006,1,Jan,20,131.7,454.4,87.8,56,4.8,26.5,32.0,22.1,30.0,24.1
289,2006-02,2006,2,Feb,8,44.5,115.5,84.0,58,7.4,27.5,33.3,23.3,31.5,24.8
290,2006-03,2006,3,Mar,9,35.7,83.1,81.3,48,7.1,28.3,34.6,23.6,33.1,25.2
291,2006-04,2006,4,Apr,18,43.3,239.8,87.0,53,5.3,27.6,34.1,23.4,32.1,24.8
292,2006-05,2006,5,May,14,36.6,205.7,85.2,52,5.0,28.1,33.8,23.6,32.0,25.4
293,2006-06,2006,6,Jun,16,37.3,236.8,86.3,59,5.5,27.8,32.7,23.0,31.0,25.1
294,2006-07,2006,7,Jul,15,54.8,153.8,83.8,58,6.9,28.4,33.1,22.6,31.5,25.7
295,2006-08,2006,8,Aug,14,30.4,127.3,81.9,52,6.7,28.3,33.1,22.1,31.5,25.5
296,2006-09,2006,9,Sep,12,32.2,83.3,81.0,49,5.3,28.0,32.8,22.7,31.4,25.4
297,2006-10,2006,10,Oct,8,37.8,102.0,80.9,44,4.8,28.3,33.6,23.5,32.2,25.4
298,2006-11,2006,11,Nov,18,64.0,185.6,87.4,59,5.6,27.3,33.2,23.5,31.4,24.5
299,2006-12,2006,12,Dec,22,198.0,765.9,88.5,54,3.2,26.6,32.7,22.4,30.0,24.3
300,2007-01,2007,1,Jan,20,143.8,450.1,86.8,55,4.1,26.5,32.7,23.1,29.8,24.2
301,2007-02,2007,2,Feb,3,51.4,105.5,82.5,51,7.6,27.3,33.3,23.3,31.5,24.5
302,2007-03,2007,3,Mar,21,68.8,269.1,84.9,47,5.8,27.5,33.5,22.5,31.5,24.6
303,2007-04,2007,4,Apr,14,102.4,240.2,84.7,50,5.9,28.1,33.7,22.2,32.0,25.2
304,2007-05,2007,5,May,16,21.9,127.2,84.8,60,5.5,28.3,33.4,22.7,31.6,25.3
305,2007-06,2007,6,Jun,12,38.0,139.0,82.8,50,6.0,28.4,34.0,21.8,32.1,25.4
306,2007-07,2007,7,Jul,19,23.0,141.7,84.8,57,3.8,27.7,33.0,22.6,30.6,25.1
307,2007-08,2007,8,Aug,20,55.9,190.7,82.9,58,5.7,27.7,32.5,22.9,30.9,25.0
308,2007-09,2007,9,Sep,13,52.1,149.0,83.3,53,5.8,27.8,32.6,23.0,31.0,25.0
309,2007-10,2007,10,Oct,16,51.8,237.2,83.2,49,5.6,27.8,33.7,22.6,31.6,24.9
310,2007-11,2007,11,Nov,21,60.1,367.9,86.5,55,3.5,26.9,33.5,22.1,30.8,24.0
311,2007-12,2007,12,Dec,20,159.0,468.6,86.8,49,4.5,26.4,31.8,22.1,30.1,24.1
312,2008-01,2008,1,Jan,19,123.1,262.6,86.0,55,6.1,26.8,33.5,22.9,30.7,24.3
313,2008-02,2008,2,Feb,8,48.5,129.2,82.9,49,5.5,26.7,33.4,22.4,30.9,24.0
314,2008-03,2008,3,Mar,16,48.1,294.1,87.1,61,4.3,26.5,32.7,21.8,30.1,24.0
315,2008-04,2008,4,Apr,13,34.2,87.2,82.0,56,6.0,28.1,33.3,23.4,31.9,25.1
316,2008-05,2008,5,May,11,42.3,124.9,79.1,47,6.6,28.8,34.1,22.1,32.2,26.0
317,2008-06,2008,6,Jun,12,45.2,118.3,81.5,54,5.6,28.2,32.9,22.0,31.4,25.3
318,2008-07,2008,7,Jul,15,23.5,89.1,81.3,52,4.9,27.8,32.7,22.7,30.8,25.1
319,2008-08,2008,8,Aug,18,133.9,327.3,83.8,55,5.5,27.4,32.7,22.6,30.9,24.7
320,2008-09,2008,9,Sep,18,43.5,164.4,82.7,52,5.1,27.7,32.9,22.1,31.1,24.6
321,2008-10,2008,10,Oct,19,41.6,159.5,84.9,58,4.5,27.6,33.3,23.1,31.4,25.0
322,2008-11,2008,11,Nov,16,63.3,324.3,85.9,58,4.0,27.3,33.0,22.5,31.2,24.5
323,2008-12,2008,12,Dec,17,52.0,244.2,83.7,52,4.8,26.9,32.6,22.1,30.5,24.3
324,2009-01,2009,1,Jan,5,36.0,38.3,79.1,50,6.6,26.8,32.6,23.2,30.7,24.2
325,2009-02,2009,2,Feb,8,74.2,201.8,80.7,42,6.4,27.3,35.0,23.1,32.3,24.2
326,2009-03,2009,3,Mar,19,56.3,223.3,85.4,54,5.5,27.2,33.2,22.3,31.4,24.1
327,2009-04,2009,4,Apr,12,86.6,183.7,82.2,48,6.2,28.5,34.7,22.9,32.3,25.4
328,2009-05,2009,5,May,17,41.3,198.6,83.0,52,6.6,28.7,33.6,21.8,32.2,25.3
329,2009-06,2009,6,Jun,8,5.8,21.8,79.8,53,7.0,29.1,33.7,24.0,32.6,26.2
330,2009-07,2009,7,Jul,16,24.4,161.0,80.8,56,6.2,28.3,33.1,22.1,31.7,25.3
331,2009-08,2009,8,Aug,12,35.5,177.8,80.7,51,6.5,28.3,33.5,22.6,31.7,25.6
332,2009-09,2009,9,Sep,13,63.0,109.6,82.0,53,5.6,28.3,33.0,23.1,31.7,25.5
333,2009-10,2009,10,Oct,15,38.4,133.4,82.8,49,5.4,28.2,33.9,23.4,32.1,25.2
334,2009-11,2009,11,Nov,23,61.4,281.8,85.6,51,4.7,27.2,34.1,23.5,31.5,24.8
335,2009-12,2009,12,Dec,18,42.6,189.8,86.3,61,4.7,27.1,32.6,23.2,30.7,24.6
336,2010-01,2010,1,Jan,10,24.5,69.5,82.1,50,7.1,27.5,32.3,21.8,31.2,24.4
337,2010-02,2010,2,Feb,4,2.9,6.3,77.3,47,8.8,28.9,35.2,23.8,33.5,25.5
338,2010-03,2010,3,Mar,11,57.6,238.0,79.9,46,6.1,28.6,35.5,22.8,33.1,25.1
339,2010-04,2010,4,Apr,18,40.0,158.5,84.1,55,6.2,28.6,34.5,22.5,32.8,25.0
340,2010-05,2010,5,May,17,90.5,157.5,82.2,50,6.5,29.2,35.2,22.9,33.2,25.9
341,2010-06,2010,6,Jun,19,43.0,240.5,83.9,55,5.1,28.3,33.5,23.0,31.4,25.2
342,2010-07,2010,7,Jul,18,121.1,298.5,84.8,48,4.6,27.7,33.4,22.4,30.9,24.6
343,2010-08,2010,8,Aug,16,60.2,158.4,84.2,50,5.4,27.9,33.1,22.0,31.2,24.6
344,2010-09,2010,9,Sep,13,28.0,121.5,82.5,50,5.7,28.0,33.2,22.6,31.8,24.9
345,2010-10,2010,10,Oct,17,58.1,166.2,82.3,43,4.2,28.3,34.1,22.6,31.7,25.1
346,2010-11,2010,11,Nov,21,41.6,278.8,85.9,52,5.0,27.4,33.1,21.7,31.6,24.2
347,2010-12,2010,12,Dec,14,85.8,181.4,85.3,54,3.6,26.8,33.6,22.3,30.8,23.9
348,2011-01,2011,1,Jan,17,216.2,513.2,85.8,57,4.5,26.3,32.4,21.6,29.7,23.5
349,2011-02,2011,2,Feb,8,17.4,23.0,81.1,41,7.5,27.3,33.5,23.2,31.7,24.1
350,2011-03,2011,3,Mar,22,54.0,256.6,85.5,47,4.6,27.1,33.5,21.9,31.3,23.9
351,2011-04,2011,4,Apr,12,61.8,217.8,83.9,55,7.2,27.9,33.1,21.4,31.9,24.6
352,2011-05,2011,5,May,15,34.2,127.0,85.3,46,5.9,28.5,35.3,23.4,32.4,25.2
353,2011-06,2011,6,Jun,15,82.0,213.0,83.7,56,5.0,28.4,33.1,22.2,31.3,25.2
354,2011-07,2011,7,Jul,7,30.0,76.6,81.3,59,7.8,28.7,32.9,22.2,31.9,25.5
355,2011-08,2011,8,Aug,13,30.2,81.4,82.6,52,6.1,27.9,32.5,23.3,31.0,25.6
356,2011-09,2011,9,Sep,14,40.4,136.4,82.7,51,5.1,27.8,32.4,21.5,30.9,25.1
357,2011-10,2011,10,Oct,20,54.0,216.8,87.4,55,5.3,27.3,32.5,22.5,31.0,24.7
358,2011-11,2011,11,Nov,24,78.6,377.8,87.8,55,4.6,27.1,32.5,22.8,31.1,24.6
359,2011-12,2011,12,Dec,21,87.4,284.6,88.4,57,3.3,26.6,32.3,22.8,29.9,24.5
360,2012-01,2012,1,Jan,16,26.2,106.1,87.3,59,6.0,26.7,32.5,21.5,30.6,24.3
361,2012-02,2012,2,Feb,11,38.4,83.6,85.6,55,7.0,27.2,32.9,22.7,31.1,24.8
362,2012-03,2012,3,Mar,21,92.3,313.4,87.3,58,4.2,27.0,33.2,21.1,31.1,24.4
363,2012-04,2012,4,Apr,20,48.4,260.6,85.1,54,5.8,27.6,32.9,21.9,31.4,24.8
364,2012-05,2012,5,May,19,79.2,292.0,83.1,52,5.6,28.2,33.7,22.0,31.7,24.8
365,2012-06,2012,6,Jun,8,38.2,53.0,79.0,49,6.0,28.7,32.7,22.8,31.6,26.3
366,2012-07,2012,7,Jul,17,35.4,130.8,81.1,48,6.2,27.7,32.1,22.9,30.8,25.3
367,2012-08,2012,8,Aug,12,31.0,119.0,79.8,54,6.1,27.9,32.7,23.1,31.0,25.4
368,2012-09,2012,9,Sep,10,35.8,107.6,79.7,49,5.6,27.9,32.7,22.5,31.3,25.3
369,2012-10,2012,10,Oct,13,22.6,122.2,81.3,51,5.9,27.7,33.1,23.5,31.7,25.2
370,2012-11,2012,11,Nov,22,49.2,208.2,85.4,51,4.4,27.1,32.8,23.4,31.4,24.7
371,2012-12,2012,12,Dec,22,78.8,363.4,87.0,61,3.6,26.7,32.2,22.2,30.6,24.4
372,2013-01,2013,1,Jan,15,73.0,262.0,82.1,42,6.0,27.1,35.2,21.6,30.8,24.6
373,2013-02,2013,2,Feb,22,95.2,395.2,86.9,54,4.0,26.5,32.5,21.5,30.1,24.3
374,2013-03,2013,3,Mar,10,29.6,85.8,80.4,48,7.5,28.3,33.8,23.9,32.4,25.6
375,2013-04,2013,4,Apr,19,41.6,159.4,82.7,46,5.2,28.2,34.9,22.1,32.1,25.3
376,2013-05,2013,5,May,17,46.2,211.4,83.1,45,5.4,28.2,33.9,22.9,31.8,25.6
377,2013-06,2013,6,Jun,12,22.4,111.4,74.6,36,6.4,29.0,34.5,22.6,32.6,25.9
378,2013-07,2013,7,Jul,15,37.4,174.6,79.9,43,5.7,27.8,33.5,22.9,31.1,25.2
379,2013-08,2013,8,Aug,15,43.2,165.6,79.0,50,6.1,27.9,32.8,21.6,31.0,25.1
380,2013-09,2013,9,Sep,19,52.6,257.0,81.3,48,4.6,27.5,32.9,21.9,30.6,24.8
381,2013-10,2013,10,Oct,19,139.8,285.4,79.9,42,6.3,27.7,33.2,20.9,31.4,24.6
382,2013-11,2013,11,Nov,22,44.0,292.4,84.6,51,4.5,27.1,32.9,22.9,31.3,24.5
383,2013-12,2013,12,Dec,21,119.8,348.2,85.8,45,3.5,26.5,33.7,21.2,30.2,24.1
384,2014-01,2014,1,Jan,5,31.2,75.4,78.5,49,5.3,26.2,31.8,22.4,29.6,24.0
385,2014-02,2014,2,Feb,1,0.2,0.2,74.5,43,8.8,27.2,33.8,22.4,31.9,24.5
386,2014-03,2014,3,Mar,6,52.6,66.0,76.0,38,8.0,27.9,34.4,23.6,32.8,25.1
387,2014-04,2014,4,Apr,17,28.8,110.0,80.0,44,5.7,28.2,34.5,22.8,32.4,25.5
388,2014-05,2014,5,May,18,22.2,125.8,80.2,48,5.8,28.6,33.8,23.0,32.1,25.8
389,2014-06,2014,6,Jun,11,18.8,71.4,77.5,45,6.0,29.0,33.6,23.0,32.1,26.3
390,2014-07,2014,7,Jul,15,29.0,148.6,78.3,53,5.5,28.7,33.2,21.1,31.6,25.8
391,2014-08,2014,8,Aug,20,44.2,241.0,79.7,53,4.5,27.7,31.9,22.0,30.4,25.2
392,2014-09,2014,9,Sep,9,34.6,83.6,75.6,37,7.0,28.5,33.2,22.4,31.8,25.7
393,2014-10,2014,10,Oct,10,32.8,120.0,77.0,40,6.0,28.4,34.1,24.0,32.1,25.7
394,2014-11,2014,11,Nov,23,64.4,250.8,82.4,53,5.4,27.5,33.4,22.2,31.6,24.8
395,2014-12,2014,12,Dec,17,48.2,245.6,82.6,51,3.7,27.0,33.6,22.4,30.6,24.7
396,2015-01,2015,1,Jan,6,33.6,79.6,77.6,49,7.4,26.9,32.4,23.3,30.7,24.6
397,2015-02,2015,2,Feb,6,10.8,18.8,75.4,49,7.3,27.0,33.6,23.1,31.3,24.4
398,2015-03,2015,3,Mar,5,46.0,84.4,75.8,47,7.3,28.2,34.4,23.4,32.5,25.5
399,2015-04,2015,4,Apr,13,18.8,73.2,77.1,48,7.2,28.6,34.4,24.0,33.2,25.9
400,2015-05,2015,5,May,12,22.2,89.0,78.9,46,5.8,28.7,34.2,24.0,32.2,26.4
401,2015-06,2015,6,Jun,10,28.4,95.8,75.8,42,6.7,29.0,34.3,24.2,32.0,26.6
402,2015-07,2015,7,Jul,13,45.8,116.8,74.9,51,7.1,29.1,32.7,22.1,31.9,26.7
403,2015-08,2015,8,Aug,11,63.2,185.8,76.7,40,6.1,28.4,33.1,22.6,31.2,26.0
404,2015-09,2015,9,Sep,8,18.4,61.6,75.0,40,4.3,28.7,33.2,23.1,31.7,26.5
405,2015-10,2015,10,Oct,9,28.6,87.2,75.4,35,4.7,28.7,33.6,21.9,32.2,26.1
406,2015-11,2015,11,Nov,13,25.8,72.6,79.1,47,4.8,28.0,33.6,23.7,32.1,25.5
407,2015-12,2015,12,Dec,19,40.4,302.3,81.1,49,5.3,27.7,33.1,22.5,31.5,25.0
408,2016-01,2016,1,Jan,15,39.6,126.6,79.6,55,7.2,28.3,32.8,22.9,31.8,26.0
409,2016-02,2016,2,Feb,10,71.8,186.0,78.8,55,6.5,27.8,32.7,23.3,31.1,25.6
410,2016-03,2016,3,Mar,6,2.4,6.2,74.7,47,8.0,29.0,34.1,25.4,33.1,26.6
411,2016-04,2016,4,Apr,14,18.2,89.8,75.6,46,7.0,29.4,35.0,25.3,33.4,26.7
412,2016-05,2016,5,May,12,54.8,193.8,77.4,48,6.2,29.3,34.6,23.9,33.0,26.5
413,2016-06,2016,6,Jun,13,67.8,162.8,77.7,45,5.4,28.5,33.4,22.5,31.6,26.1
414,2016-07,2016,7,Jul,20,59.4,168.6,77.3,48,6.3,28.4,33.4,22.5,31.7,25.8
415,2016-08,2016,8,Aug,15,30.6,139.2,74.0,41,6.7,28.9,33.8,22.1,31.8,26.2
416,2016-09,2016,9,Sep,15,34.0,118.9,73.9,33,5.5,28.3,34.4,22.6,32.0,25.1
417,2016-10,2016,10,Oct,16,75.4,181.0,72.0,38,4.6,28.3,34.6,21.6,32.1,25.2
418,2016-11,2016,11,Nov,20,65.6,290.2,77.6,46,3.5,27.4,32.6,22.7,30.7,24.9
419,2016-12,2016,12,Dec,23,73.0,292.6,72.8,34,5.1,27.4,33.6,23.0,31.6,24.7
420,2017-01,2017,1,Jan,21,60.6,197.6,84.8,44,4.8,26.9,33.7,21.8,30.7,24.7
421,2017-02,2017,2,Feb,15,31.0,158.4,83.2,59,7.1,26.9,32.4,22.6,30.7,24.7
422,2017-03,2017,3,Mar,11,30.2,136.2,82.5,52,6.1,27.4,33.3,22.9,31.1,24.9
423,2017-04,2017,4,Apr,21,42.8,208.6,83.5,50,5.3,27.8,34.4,22.8,31.8,25.0
424,2017-05,2017,5,May,15,44.8,190.0,82.8,57,5.9,28.5,32.8,23.6,31.4,25.9
425,2017-06,2017,6,Jun,10,29.6,106.0,80.2,51,6.3,28.5,33.0,22.2,31.6,25.9
426,2017-07,2017,7,Jul,9,30.2,79.6,79.6,57,7.0,28.3,32.4,23.5,31.0,26.0
427,2017-08,2017,8,Aug,18,29.4,84.2,79.9,54,6.1,28.1,33.0,23.7,31.0,25.9
428,2017-09,2017,9,Sep,19,20.2,124.4,81.0,55,5.7,28.0,32.4,22.3,31.2,25.4
429,2017-10,2017,10,Oct,18,31.2,120.8,82.5,45,5.5,27.9,34.6,23.5,31.6,25.3
430,2017-11,2017,11,Nov,24,45.2,268.6,86.3,60,4.2,27.1,32.5,23.1,30.8,24.6
431,2017-12,2017,12,Dec,23,69.8,371.2,85.2,51,5.6,27.0,33.5,23.2,30.8,24.6
432,2018-01,2018,1,Jan,25,45.8,287.0,86.6,44,4.1,26.1,33.2,21.3,29.8,24.0
433,2018-02,2018,2,Feb,5,13.0,14.8,77.2,49,8.0,27.2,33.5,23.5,31.2,24.8
434,2018-03,2018,3,Mar,10,15.2,44.6,78.4,49,6.4,28.0,34.2,23.6,32.4,25.4
435,2018-04,2018,4,Apr,14,14.0,61.2,78.5,39,6.8,28.5,35.0,22.6,33.2,25.8
436,2018-05,2018,5,May,19,47.4,132.2,79.0,43,5.8,28.7,34.2,23.6,32.4,26.2
437,2018-06,2018,6,Jun,17,46.8,182.6,79.3,51,4.1,28.4,33.4,22.9,31.3,25.6
438,2018-07,2018,7,Jul,10,32.4,143.2,77.7,50,6.1,28.5,33.0,21.9,31.3,26.0
439,2018-08,2018,8,Aug,11,34.6,121.6,77.0,39,6.7,28.5,33.2,21.9,31.7,26.1
440,2018-09,2018,9,Sep,13,45.0,144.4,77.1,48,6.0,28.0,33.0,21.4,31.2,25.3
441,2018-10,2018,10,Oct,18,60.6,234.4,79.7,33,6.1,27.9,34.5,22.5,31.9,25.2
442,2018-11,2018,11,Nov,27,20.6,169.6,83.2,53,3.8,27.3,33.4,22.4,31.0,24.6
443,2018-12,2018,12,Dec,19,43.8,172.6,81.5,47,5.1,27.6,33.8,23.6,31.6,25.3
444,2019-01,2019,1,Jan,9,38.2,63.6,75.6,47,7.1,28.0,33.4,23.5,31.7,25.6
445,2019-02,2019,2,Feb,5,13.4,31.6,74.1,46,9.2,28.2,34.1,21.9,32.8,25.4
446,2019-03,2019,3,Mar,6,29.0,72.2,72.3,40,8.3,28.7,34.8,22.3,33.5,25.6
447,2019-04,2019,4,Apr,9,52.4,174.8,77.6,48,5.9,28.6,34.5,22.7,32.7,25.9
448,2019-05,2019,5,May,13,17.2,69.0,79.2,52,7.0,29.3,34.7,22.8,32.7,26.5
449,2019-06,2019,6,Jun,16,37.6,173.8,79.5,47,5.3,28.4,33.0,23.3,31.3,26.1
450,2019-07,2019,7,Jul,8,6.6,12.2,75.2,45,7.5,29.0,33.4,23.9,32.1,26.9
451,2019-08,2019,8,Aug,6,3.8,11.8,72.1,35,7.6,29.1,34.0,24.5,32.7,27.1
452,2019-09,2019,9,Sep,4,16.4,22.8,73.0,37,6.7,29.0,34.3,22.9,33.0,26.6
453,2019-10,2019,10,Oct,15,92.2,176.8,78.1,38,6.5,28.1,34.4,22.9,32.7,25.3
454,2019-11,2019,11,Nov,15,73.4,137.4,79.2,45,5.5,28.0,34.4,22.9,32.3,25.4
455,2019-12,2019,12,Dec,14,74.2,421.5,83.9,47,4.8,26.7,32.3,22.7,30.1,24.6
456,2020-01,2020,1,Jan,6,38.0,88.4,77.9,43,7.1,27.7,32.8,23.8,31.7,25.2
457,2020-02,2020,2,Feb,8,23.8,65.0,76.0,45,8.3,27.9,33.1,23.7,31.7,25.3
458,2020-03,2020,3,Mar,8,47.4,108.8,75.2,44,7.6,28.6,34.0,24.1,32.9,25.9
459,2020-04,2020,4,Apr,12,51.8,188.0,76.4,46,7.1,28.9,34.6,23.8,33.0,26.0
460,2020-05,2020,5,May,16,53.8,255.6,79.1,50,5.7,28.9,34.5,23.6,32.2,26.1
461,2020-06,2020,6,Jun,21,41.0,233.8,80.2,53,4.3,28.1,33.0,23.7,31.0,25.5
462,2020-07,2020,7,Jul,22,30.4,140.8,78.2,53,5.7,27.9,32.5,23.7,31.0,25.5
463,2020-08,2020,8,Aug,12,34.6,103.4,76.8,41,6.4,28.3,33.0,22.5,31.4,25.9
464,2020-09,2020,9,Sep,18,32.8,150.2,79.0,48,4.8,27.5,33.2,21.9,31.0,24.9
465,2020-10,2020,10,Oct,16,19.0,78.8,75.4,44,4.3,28.3,34.1,22.2,31.6,25.6
466,2020-11,2020,11,Nov,19,64.2,220.6,81.7,49,4.0,27.2,33.4,23.3,31.0,25.0
467,2020-12,2020,12,Dec,20,58.2,253.2,81.1,49,5.2,27.2,33.5,23.0,31.5,24.5
468,2021-01,2021,1,Jan,17,210.6,692.8,82.6,55,4.2,26.0,31.6,21.7,29.1,23.8
469,2021-02,2021,2,Feb,2,0.6,1.0,73.8,46,8.2,27.3,33.7,23.7,31.6,24.8
470,2021-03,2021,3,Mar,14,38.0,182.4,76.6,42,7.3,27.9,34.2,23.0,32.8,25.0
471,2021-04,2021,4,Apr,14,83.8,290.4,77.4,43,6.8,28.2,34.7,23.1,32.4,25.3
472,2021-05,2021,5,May,13,49.8,245.8,79.3,49,6.0,28.7,33.6,22.9,32.1,26.0
473,2021-06,2021,6,Jun,20,23.8,93.4,77.8,42,6.5,28.5,33.7,23.4,32.1,25.6
474,2021-07,2021,7,Jul,12,75.0,195.8,76.5,48,6.8,28.6,33.4,23.2,31.8,26.2
475,2021-08,2021,8,Aug,24,71.4,293.6,80.4,51,4.8,27.6,32.9,21.9,31.0,24.8
476,2021-09,2021,9,Sep,14,63.4,205.4,77.3,45,6.4,28.3,33.3,22.5,31.7,25.6
477,2021-10,2021,10,Oct,14,59.6,177.0,78.3,45,6.2,28.5,33.8,23.2,32.2,25.8
478,2021-11,2021,11,Nov,23,47.8,312.4,81.7,41,4.9,27.6,33.9,22.8,31.8,24.8
479,2021-12,2021,12,Dec,15,46.8,119.6,79.7,47,5.4,27.7,33.9,22.9,31.4,25.4
480,2022-01,2022,1,Jan,9,50.0,99.8,77.4,49,8.3,27.4,33.1,23.2,31.6,24.9
481,2022-02,2022,2,Feb,16,29.6,175.0,80.3,51,5.9,27.3,33.6,22.6,31.2,24.8
482,2022-03,2022,3,Mar,21,36.2,163.2,79.2,48,6.4,28.1,34.2,23.0,32.7,25.1
483,2022-04,2022,4,Apr,18,58.8,239.6,80.0,51,5.2,28.1,34.0,23.1,32.1,25.1
484,2022-05,2022,5,May,12,44.6,102.0,76.5,41,6.7,29.2,35.4,23.5,32.9,26.2
485,2022-06,2022,6,Jun,17,59.4,211.8,79.1,54,4.7,27.9,33.6,22.9,31.1,25.3
486,2022-07,2022,7,Jul,16,27.8,145.2,76.8,53,6.2,28.6,32.9,22.2,31.7,25.8
487,2022-08,2022,8,Aug,15,32.4,141.4,77.4,50,5.5,28.1,33.2,23.7,31.2,25.8
488,2022-09,2022,9,Sep,14,38.2,121.0,76.9,52,3.8,27.9,32.6,22.4,31.1,25.4
489,2022-10,2022,10,Oct,27,38.8,280.0,78.7,47,3.5,27.6,34.6,23.1,31.5,24.7
490,2022-11,2022,11,Nov,26,53.0,313.8,79.9,46,3.8,27.4,33.9,22.4,31.4,24.4
